File,Time,Size,
https://analytics-static.ugc.bazaarvoice.com/prod/static/3/bv-analytics.js,558,12213,Bazaar
https://api.bazaarvoice.com/data/batch.json?passkey=caawwn5XoIIlNKhaPzIa9U4ehsdrTz7sypJAorkEbbaiw&apiversion=5.5&displaycode=19717-en_us&resource.q0=products&filter.q0=id%3Aeq%3A415S&stats.q0=reviews&filteredstats.q0=reviews&filter_reviews.q0=contentlocale%3Aeq%3Aen_US&filter_reviewcomments.q0=contentlocale%3Aeq%3Aen_US&resource.q1=reviews&filter.q1=isratingsonly%3Aeq%3Afalse&filter.q1=productid%3Aeq%3A415S&filter.q1=contentlocale%3Aeq%3Aen_US&sort.q1=submissiontime%3Adesc&stats.q1=reviews&filteredstats.q1=reviews&include.q1=authors%2Cproducts%2Ccomments&filter_reviews.q1=contentlocale%3Aeq%3Aen_US&filter_reviewcomments.q1=contentlocale%3Aeq%3Aen_US&filter_comments.q1=contentlocale%3Aeq%3Aen_US&limit.q1=8&offset.q1=0&limit_comments.q1=3&callback=BV._internal.dataHandler0,2545,4797,Bazaar
https://apps.bazaarvoice.com/deployments/radioflyerinc/main_site/production/en_US/bv.js,232,14106,Bazaar
https://apps.nexus.bazaarvoice.com/firebird/default/bv.js,1188,1804,Bazaar
https://assets.pinterest.com/js/pinit_main.js?0.6779650397649435,1256,18254,Pinterest
https://assets.pinterest.com/js/pinit.js,237,594,Pinterest
"https://bam.nr-data.net/1/c381040a35?a=7013739&v=1071.385e752&to=MgZSNxBXDBIFW0QNVgtMcQAWXw0PS1tREFgJDFdMEkQNBRFbREtPDAZH&rst=18123&ref=https://www.radioflyer.com/fold-2-go-trike-1-bundle.html&ap=1390&be=375&fe=17542&dc=7151&perf=%7B%22timing%22:%7B%22of%22:1538438971281,%22n%22:0,%22u%22:282,%22ue%22:286,%22f%22:4,%22dn%22:4,%22dne%22:4,%22c%22:4,%22s%22:0,%22ce%22:4,%22rq%22:150,%22rp%22:228,%22rpe%22:228,%22dl%22:281,%22di%22:6960,%22ds%22:7147,%22de%22:7196,%22dc%22:17541,%22l%22:17541,%22le%22:17638%7D,%22navigation%22:%7B%22ty%22:1%7D%7D&at=HkFRQVhNHxw%3D&jsonp=NREUM.setToken",195,,
https://cdns.radioflyer.com/js/buildatesla/translations/en_US.js,866,561,RadioFlyer
https://cdns.radioflyer.com/js/calendar/calendar-setup.js,816,1732,RadioFlyer
https://cdns.radioflyer.com/js/calendar/calendar-win2k-1.css,234,1336,RadioFlyer
https://cdns.radioflyer.com/js/calendar/calendar.js,816,10376,RadioFlyer
https://cdns.radioflyer.com/js/radioflyer.js,816,99104,RadioFlyer
https://cdns.radioflyer.com/js/rebrand/fonts.min.js?d=20180410,817,1597,
https://cdns.radioflyer.com/js/starplugins/cloudzoom.js,817,8597,
https://cdns.radioflyer.com/js/tbt/rewards/catalog/product/view/PointsSlider.js,818,988,
https://cdns.radioflyer.com/js/tbt/rewards/catalog/product/view/redeemer.js,817,1643,
https://cdns.radioflyer.com/js/tbt/rewards/points/RedemptionSlider.js,817,1332,
https://cdns.radioflyer.com/js/tbt/rewards/util.js,818,653,
https://cdns.radioflyer.com/js/varien/configurable.js,444,2261,
https://cdns.radioflyer.com/js/varien/product.js,443,5095,
https://cdns.radioflyer.com/media/catalog/product/cache/1/image/453x418/9df78eab33525d08d6e5fb8d27136e95/f/o/fold-2-go-trike-lifestyle-model-415_2_1.jpg,599,27461,
https://cdns.radioflyer.com/media/catalog/product/cache/1/image/47x47/9df78eab33525d08d6e5fb8d27136e95/f/o/fold-2-go-trike-lifestyle-model-415_2_1.jpg,569,1914,
https://cdns.radioflyer.com/media/catalog/product/cache/1/image/800x800/9df78eab33525d08d6e5fb8d27136e95/f/o/fold-2-go-trike-lifestyle-model-415_2_1.jpg,1906,66457,
https://cdns.radioflyer.com/media/catalog/product/cache/1/small_image/219x200/9df78eab33525d08d6e5fb8d27136e95/b/u/busybuggy-model-603.jpg,1205,12190,
https://cdns.radioflyer.com/media/catalog/product/cache/1/small_image/219x200/9df78eab33525d08d6e5fb8d27136e95/c/l/classic-red-tricycle-with-push-handle-model-34t-shop_3.jpg,529,8235,
https://cdns.radioflyer.com/media/catalog/product/cache/1/small_image/219x200/9df78eab33525d08d6e5fb8d27136e95/l/i/lights-_-sounds-racer-model-402-shop_3_1.jpg,1204,7199,
https://cdns.radioflyer.com/media/catalog/product/cache/1/small_image/219x200/9df78eab33525d08d6e5fb8d27136e95/r/e/retro-rocket-model-600-shop.jpg,525,8850,
https://cdns.radioflyer.com/media/catalog/product/cache/1/thumbnail/47x47/9df78eab33525d08d6e5fb8d27136e95/f/o/fold-2-go-trike-inset-adjustable-seat-grows-with-child-model-415_1.jpg,570,2272,
https://cdns.radioflyer.com/media/catalog/product/cache/1/thumbnail/47x47/9df78eab33525d08d6e5fb8d27136e95/f/o/fold-2-go-trike-inset-folds-for-easy-storage-model-415_1_1.jpg,573,2440,
https://cdns.radioflyer.com/media/catalog/product/cache/1/thumbnail/47x47/9df78eab33525d08d6e5fb8d27136e95/f/o/fold-2-go-trike-inset-fun-covered-bin-model-415_1_1.jpg,571,2325,
https://cdns.radioflyer.com/media/catalog/product/cache/1/thumbnail/47x47/9df78eab33525d08d6e5fb8d27136e95/f/o/fold-2-go-trike-inset-quiet-ride-tires-model-415_1_1.jpg,574,2283,
https://cdns.radioflyer.com/media/catalog/product/cache/1/thumbnail/47x47/9df78eab33525d08d6e5fb8d27136e95/f/o/fold-2-go-trike-model-415-shop_1.jpg,577,2131,
https://cdns.radioflyer.com/media/catalog/product/cache/1/thumbnail/9df78eab33525d08d6e5fb8d27136e95/r/a/radio-flyer-helmet-model-ac100-shop.jpg,574,24130,
https://cdns.radioflyer.com/media/wysiwyg/american_flag.gif,100,,
https://cdns.radioflyer.com/media/wysiwyg/arrow.gif,266,631,
https://cdns.radioflyer.com/media/wysiwyg/austria_flag.gif,273,586,
https://cdns.radioflyer.com/media/wysiwyg/belgium_flag.gif,284,612,
https://cdns.radioflyer.com/media/wysiwyg/canada_flag.gif,267,594,
https://cdns.radioflyer.com/media/wysiwyg/china_flag.gif,316,598,
https://cdns.radioflyer.com/media/wysiwyg/denmark_flag.gif,291,606,
https://cdns.radioflyer.com/media/wysiwyg/finland_flag.gif,292,593,
https://cdns.radioflyer.com/media/wysiwyg/france_flag.gif,292,601,
https://cdns.radioflyer.com/media/wysiwyg/germany_flag.gif,293,575,
https://cdns.radioflyer.com/media/wysiwyg/hong_kong_flag.gif,316,605,
https://cdns.radioflyer.com/media/wysiwyg/italy_flag.gif,299,607,
https://cdns.radioflyer.com/media/wysiwyg/luxembourg_flag.gif,301,572,
https://cdns.radioflyer.com/media/wysiwyg/mexico_flag.gif,303,596,
https://cdns.radioflyer.com/media/wysiwyg/netherlands_flag.gif,304,578,
https://cdns.radioflyer.com/media/wysiwyg/norway_flag.gif,305,595,
https://cdns.radioflyer.com/media/wysiwyg/south_korea_flag.gif,317,631,
https://cdns.radioflyer.com/media/wysiwyg/sweden_flag.gif,306,591,
https://cdns.radioflyer.com/media/wysiwyg/switzerland_flag.gif,308,580,
https://cdns.radioflyer.com/media/wysiwyg/unitedkingdom_flag.gif,311,682,
https://cdns.radioflyer.com/skin/frontend/base/default/css/gene/braintree/default.css,256,2087,
https://cdns.radioflyer.com/skin/frontend/base/default/css/gene/braintree/express.css,260,1245,
https://cdns.radioflyer.com/skin/frontend/base/default/css/magebird_popup/style_v148.css,866,2495,
https://cdns.radioflyer.com/skin/frontend/base/default/css/starplugins/ajax-loader.gif,1521,3109,
https://cdns.radioflyer.com/skin/frontend/base/default/css/starplugins/blank.png,239,,
https://cdns.radioflyer.com/skin/frontend/base/default/css/starplugins/cloudzoom.css,437,769,
https://cdns.radioflyer.com/skin/frontend/base/default/js/magebird_popup/jquery.js,1239,34279,
https://cdns.radioflyer.com/skin/frontend/base/default/js/magebird_popup/main.js?v=1.5.8,1238,6068,
https://cdns.radioflyer.com/skin/frontend/blank/default/js/bundle.js,818,1680,
https://cdns.radioflyer.com/skin/frontend/blank/radioflyer/css/app.css?d=20180816,242,4573,
https://cdns.radioflyer.com/skin/frontend/blank/radioflyer/css/easytabs.css,441,1035,
https://cdns.radioflyer.com/skin/frontend/blank/radioflyer/css/mquery-3.min.css,244,8792,
https://cdns.radioflyer.com/skin/frontend/blank/radioflyer/css/print.css,442,529,
https://cdns.radioflyer.com/skin/frontend/blank/radioflyer/css/rewards/slider.css,439,792,
https://cdns.radioflyer.com/skin/frontend/blank/radioflyer/css/styles.min.css?d=20180816,239,17234,
https://cdns.radioflyer.com/skin/frontend/blank/radioflyer/images/footer/footer-bg.gif,1205,2367,
https://cdns.radioflyer.com/skin/frontend/blank/radioflyer/images/header/search-icon.png,276,,
https://cdns.radioflyer.com/skin/frontend/blank/radioflyer/images/header/submit.png,277,,
https://cdns.radioflyer.com/skin/frontend/blank/radioflyer/images/icons/add-to-link-divider.gif,1205,535,
https://cloud.typography.com/728098/782304/css/fonts.css,3472,431435,
https://connect.facebook.net/en_US/all.js#xfbml=1&appId=181716071880978,2748,72097,
https://connect.facebook.net/en_US/fbevents.js,2093,15406,
https://connect.facebook.net/signals/config/1551524368422445?v=2.8.30&r=stable,3688,,
https://ct.pinterest.com/user/?tid=2613420739615&cb=1538438973048,3171,,Pinterest
https://ct.pinterest.com/v3/?event=pagevisit&tid=2613420739615&ad=%7B%22loc%22%3A%22https%3A%2F%2Fwww.radioflyer.com%2Ffold-2-go-trike-1-bundle.html%22%2C%22ref%22%3A%22https%3A%2F%2Fwww.radioflyer.com%2Fshop%2Ftricycles.html%22%2C%22if%22%3Afalse%2C%22sh%22%3A1080%2C%22sw%22%3A1920%7D&cb=1538438978136,1205,435,Pinterest
https://ct.pinterest.com/v3/?tid=2613420739615&ad=%7B%22loc%22%3A%22https%3A%2F%2Fwww.radioflyer.com%2Ffold-2-go-trike-1-bundle.html%22%2C%22ref%22%3A%22https%3A%2F%2Fwww.radioflyer.com%2Fshop%2Ftricycles.html%22%2C%22if%22%3Afalse%2C%22sh%22%3A1080%2C%22sw%22%3A1920%7D&cb=1538438973048,3170,,Pinterest
https://display.ugc.bazaarvoice.com/common/static-assets/2.0.0/jquery-bv%401.11.1%2Blodash-bv%401.2.0.js,1187,39912,Bazaar
https://display.ugc.bazaarvoice.com/static/RadioFlyerInc/main_site/58/19717/en_US/scripts/bv-primary.js,2545,216698,Bazaar
https://display.ugc.bazaarvoice.com/static/RadioFlyerInc/main_site/58/19717/en_US/scripts/secondary.js,3640,,Bazaar
https://display.ugc.bazaarvoice.com/static/RadioFlyerInc/main_site/58/19717/en_US/stylesheets/screen.css,1188,48347,Bazaar
https://display.ugc.bazaarvoice.com/static/RadioFlyerInc/main_site/en_US/bvapi.js,561,10114,Bazaar
https://display.ugc.bazaarvoice.com/static/radioflyerinc/Main+Site/en_US/bvapi.js,236,964,Bazaar
https://fonts.gstatic.com/s/roboto/v18/KFOmCnqEu92Fr1Mu4mxK.woff2,626,15818,
https://googleads.g.doubleclick.net/pagead/id,626,945,
https://googleads.g.doubleclick.net/pagead/viewthroughconversion/991584390/?random=1538438978234&cv=9&fst=1538438978234&num=1&label=ea2mCIqljgQQhsHp2AM&guid=ON&resp=GooglemKTybQhCsO&u_h=1080&u_w=1920&u_ah=1080&u_aw=1920&u_cd=24&u_his=3&u_tz=-420&u_java=false&u_nplug=1&u_nmime=2&sendb=1&frm=0&url=https%3A%2F%2Fwww.radioflyer.com%2Ffold-2-go-trike-1-bundle.html&ref=https%3A%2F%2Fwww.radioflyer.com%2Fshop%2Ftricycles.html&tiba=Fold%202%20Go%20Trike%20-%20Folding%20Tricycle%20%7C%20Radio%20Flyer&rfmt=3&fmt=4,2749,1743,
https://i.ytimg.com/vi/QQp_diBGGO0/sddefault.jpg,1281,61352,
https://img.youtube.com/vi/QQp_diBGGO0/1.jpg,555,3711,
https://js-agent.newrelic.com/nr-1071.min.js,244,,
https://log.pinterest.com/?guid=JACBRiotYcYq&tv=2018092701&type=pidget&sub=www&button_count=1&follow_count=0&pin_count=0&profile_count=0&board_count=0&section_count=0&lang=en&via=https%3A%2F%2Fwww.radioflyer.com%2Ffold-2-go-trike-1-bundle.html&callback=PIN_1538438980385.f.callback[0],0,,
https://network.bazaarvoice.com/id.json?_=idm018&callback=_bvajsonp2,1280,367,Bazaar
https://network.bazaarvoice.com/id.json?_=qh6oyg&callback=_bvajsonp1,3868,,Bazaar
https://network.bazaarvoice.com/sid.gif?_=405sju,3607,,Bazaar
https://network.bazaarvoice.com/sid.gif?_=6n670x,2547,598,Bazaar
https://network.bazaarvoice.com/st.gif?cl=PageView&loadId=59d63d7e330bb398bfbf&type=Product&BVBRANDID=4a75ba8a-ab66-48f5-ac42-ab7a0bca96d4&BVBRANDSID=6a70f158-e9b8-45ec-9e15-feb6bbe2ae00&tz=420&magpieJsVersion=3.8.1&source=firebird&client=RadioFlyerInc&dc=19717&host=www.radioflyer.com&locale=en_US&deploymentZone=main_site&label=Default&productId=415S&bvProduct=RatingsAndReviews&categoryId=trikes&version=2.0&context=Read&siteId=main_site&bvProductVersion=1.0.5&initial=true&pages=3&subjectType=Product&subjectId=415S&contentType=Review&brand=Radio+Flyer&numReviews=53&numRatingsOnlyReviews=5&percentRecommend=NaN&avgRating=3.9&href=https://www.radioflyer.com/fold-2-go-trike-1-bundle.html&canurl=https://www.radioflyer.com/fold-2-go-trike-1-bundle.html&res=1920x1080&lang=en-us&charset=UTF-8&geo=1&cookies=1&_=pfxjud&ref=https://www.radioflyer.com/shop/tricycles.html,263,598,Bazaar
"https://network.bazaarvoice.com/st.gif?loadId=59d63d7e330bb398bfbf&BVBRANDID=4a75ba8a-ab66-48f5-ac42-ab7a0bca96d4&BVBRANDSID=6a70f158-e9b8-45ec-9e15-feb6bbe2ae00&tz=420&magpieJsVersion=3.8.1&source=bv-loader&environment=prod&client=RadioFlyerInc&dc=19717&host=www.radioflyer.com&r_batch=!((bvProduct:bv-loader,bvProductVersion:%279.4.0%27,cl:Diagnostic,elapsedMs:%275.0000%27,endTime:%276508.0000%27,locale:en_US,name:timeToRunScout,startTime:%276503.0000%27,type:Performance))&_=72sgfi",628,,Bazaar
"https://network.bazaarvoice.com/st.gif?loadId=59d63d7e330bb398bfbf&BVBRANDID=4a75ba8a-ab66-48f5-ac42-ab7a0bca96d4&BVBRANDSID=6a70f158-e9b8-45ec-9e15-feb6bbe2ae00&tz=420&magpieJsVersion=3.8.1&source=firebird&client=RadioFlyerInc&dc=19717&host=www.radioflyer.com&r_batch=!((brand:%27Radio+Flyer%27,bvProduct:RatingsAndReviews,bvProductVersion:%271.0.5%27,categoryId:trikes,cl:Impression,contentId:%27202138151%27,contentType:review,context:Read,deploymentZone:main_site,initialContent:!t,locale:en_US,siteId:main_site,type:UGC,version:%272.0%27),(brand:%27Radio+Flyer%27,bvProduct:RatingsAndReviews,bvProductVersion:%271.0.5%27,categoryId:trikes,cl:Impression,contentId:%27198817933%27,contentType:review,context:Read,deploymentZone:main_site,initialContent:!t,locale:en_US,siteId:main_site,type:UGC,version:%272.0%27),(bvProduct:RatingsAndReviews,bvProductVersion:%271.0.5%27,categoryId:trikes,cl:Impression,contentId:%27198435417%27,contentType:clientresponse,context:Read,deploymentZone:main_site,initialContent:!t,locale:en_US,siteId:main_site,type:UGC,version:%272.0%27),(brand:%27Radio+Flyer%27,bvProduct:RatingsAndReviews,bvProductVersion:%271.0.5%27,categoryId:trikes,cl:Impression,contentId:%27198435417%27,contentType:review,context:Read,deploymentZone:main_site,initialContent:!t,locale:en_US,siteId:main_site,type:UGC,version:%272.0%27),(bvProduct:RatingsAndReviews,bvProductVersion:%271.0.5%27,categoryId:trikes,cl:Impression,contentId:%27195143576%27,contentType:clientresponse,context:Read,deploymentZone:main_site,initialContent:!t,locale:en_US,siteId:main_site,type:UGC,version:%272.0%27),(brand:%27Radio+Flyer%27,bvProduct:RatingsAndReviews,bvProductVersion:%271.0.5%27,categoryId:trikes,cl:Impression,contentId:%27195143576%27,contentType:review,context:Read,deploymentZone:main_site,initialContent:!t,locale:en_US,siteId:main_site,type:UGC,version:%272.0%27),(brand:%27Radio+Flyer%27,bvProduct:RatingsAndReviews,bvProductVersion:%271.0.5%27,categoryId:trikes,cl:Impression,contentId:%27194746656%27,contentType:review,context:Read,deploymentZone:main_site,initialContent:!t,locale:en_US,siteId:main_site,type:UGC,version:%272.0%27),(bvProduct:RatingsAndReviews,bvProductVersion:%271.0.5%27,categoryId:trikes,cl:Impression,contentId:%27193825548%27,contentType:clientresponse,context:Read,deploymentZone:main_site,initialContent:!t,locale:en_US,siteId:main_site,type:UGC,version:%272.0%27),(brand:%27Radio+Flyer%27,bvProduct:RatingsAndReviews,bvProductVersion:%271.0.5%27,categoryId:trikes,cl:Impression,contentId:%27193825548%27,contentType:review,context:Read,deploymentZone:main_site,initialContent:!t,locale:en_US,siteId:main_site,type:UGC,version:%272.0%27),(bvProduct:RatingsAndReviews,bvProductVersion:%271.0.5%27,categoryId:trikes,cl:Impression,contentId:%27193825458%27,contentType:clientresponse,context:Read,deploymentZone:main_site,initialContent:!t,locale:en_US,siteId:main_site,type:UGC,version:%272.0%27),(brand:%27Radio+Flyer%27,bvProduct:RatingsAndReviews,bvProductVersion:%271.0.5%27,categoryId:trikes,cl:Impression,contentId:%27193825458%27,contentType:review,context:Read,deploymentZone:main_site,initialContent:!t,locale:en_US,siteId:main_site,type:UGC,version:%272.0%27),(bvProductVersion:%271.0.5%27,cl:Diagnostic,deploymentZone:main_site,elapsedMs:7631,endTime:7631,locale:en_US,name:bv-scout-start,startTime:0,type:Performance),(bvProductVersion:%271.0.5%27,cl:Diagnostic,deploymentZone:main_site,elapsedMs:3503,endTime:11134,locale:en_US,name:bv-primary-ready,startTime:7631,type:Performance),(bvProductVersion:%271.0.5%27,cl:Diagnostic,deploymentZone:main_site,elapsedMs:31,endTime:11165,locale:en_US,name:bv-primary-run,startTime:11134,type:Performance),(bvProductVersion:%271.0.5%27,cl:Diagnostic,deploymentZone:main_site,elapsedMs:173,endTime:11307,locale:en_US,name:bv-slow-path-ready,startTime:11134,type:Performance),(bvProductVersion:%271.0.5%27,cl:Diagnostic,deploymentZone:main_site,elapsedMs:3676,endTime:11307,locale:en_US,name:bv-core-app,startTime:7631,type:Performance),(bvProductVersion:%271.0.5%27,cl:Diagnostic,deploymentZone:main_site,elapsedMs:703,endTime:11837,locale:en_US,name:bv-rr_show_reviews-rendered,startTime:11134,type:Performance))&_=ttc5ot",264,598,Bazaar
"https://network.bazaarvoice.com/st.gif?loadId=59d63d7e330bb398bfbf&BVBRANDID=4a75ba8a-ab66-48f5-ac42-ab7a0bca96d4&BVBRANDSID=6a70f158-e9b8-45ec-9e15-feb6bbe2ae00&tz=420&magpieJsVersion=3.8.1&source=firebird&client=RadioFlyerInc&dc=19717&host=www.radioflyer.com&r_batch=!((brand:%27Radio+Flyer%27,bvProduct:RatingsAndReviews,bvProductVersion:%271.0.5%27,categoryId:trikes,cl:Impression,contentId:%27202938227%27,contentType:review,context:Read,deploymentZone:main_site,initialContent:!t,locale:en_US,siteId:main_site,type:UGC,version:%272.0%27))&_=pffgt9",263,598,Bazaar
"https://network.bazaarvoice.com/st.gif?loadId=59d63d7e330bb398bfbf&BVBRANDID=4a75ba8a-ab66-48f5-ac42-ab7a0bca96d4&BVBRANDSID=6a70f158-e9b8-45ec-9e15-feb6bbe2ae00&tz=420&magpieJsVersion=3.8.1&source=firebird&client=RadioFlyerInc&dc=19717&host=www.radioflyer.com&r_batch=!((bvProductVersion:%271.0.5%27,cl:Diagnostic,deploymentZone:main_site,elapsedMs:4202,endTime:11841,locale:en_US,name:bv-rr_show_reviews-completed,startTime:7639,type:Performance),(bvProductVersion:%271.0.5%27,cl:Diagnostic,deploymentZone:main_site,elapsedMs:3457,endTime:11095,locale:en_US,name:bv-preload,startTime:7638,type:Performance))&_=kuwfzh",264,598,Bazaar
"https://network.bazaarvoice.com/st.gif?loadId=59d63d7e330bb398bfbf&BVBRANDID=4a75ba8a-ab66-48f5-ac42-ab7a0bca96d4&BVBRANDSID=6a70f158-e9b8-45ec-9e15-feb6bbe2ae00&tz=420&magpieJsVersion=3.8.1&source=firebird&client=RadioFlyerInc&dc=19717&host=www.radioflyer.com&r_batch=!((bvProductVersion:%271.0.5%27,cl:Diagnostic,deploymentZone:main_site,elapsedMs:9910,endTime:17541,locale:en_US,name:bv-host-load,startTime:7631,type:Performance))&_=ugfukj",347,,Bazaar
https://photos-us.bazaarvoice.com/photo/2/cGhvdG86cmFkaW9mbHllcmluYw/e26bd40d-cc6a-5c35-82f6-bbcb7f44c389,3945,72695,Bazaar
https://platform.twitter.com/js/button.3ebb4253c7cb2cc3c9eaac42044fc82c.js,3586,,
https://platform.twitter.com/widgets.js,2748,35868,
https://platform.twitter.com/widgets/tweet_button.4ddf50b7ac5c5f06f6679f003b742641.en.html#dnt=false&id=twitter-widget-0&lang=en&original_referer=https%3A%2F%2Fwww.radioflyer.com%2Ffold-2-go-trike-1-bundle.html&size=m&text=Fold%202%20Go%20Trike%20-%20Folding%20Tricycle%20%7C%20Radio%20Flyer&time=1538438987193&type=share&url=https%3A%2F%2Fwww.radioflyer.com%2Ffold-2-go-trike-1-bundle.html,789,12992,
https://platform.twitter.com/widgets/widget_iframe.4ddf50b7ac5c5f06f6679f003b742641.html?origin=https%3A%2F%2Fwww.radioflyer.com&settingsEndpoint=https%3A%2F%2Fsyndication.twitter.com%2Fsettings,3640,,
https://s.pinimg.com/ct/core.js,1250,16439,
https://static.doubleclick.net/instream/ad_status.js,1004,497,
https://static.xx.fbcdn.net/rsrc.php/v3/yn/r/lH1ibRl5GKq.png,2227,,
https://static.xx.fbcdn.net/rsrc.php/v3iEpO4/yC/l/en_US/GAM_tJuAzNG.js,3228,,
https://staticxx.facebook.com/connect/xd_arbiter/r/mp2v3DK3INU.js?version=42#channel=f1987a8c7808722&origin=https%3A%2F%2Fwww.radioflyer.com,3621,,
https://syndication.twitter.com/i/jot?l=%7B%22widget_origin%22%3A%22https%3A%2F%2Fwww.radioflyer.com%2Ffold-2-go-trike-1-bundle.html%22%2C%22widget_frame%22%3Afalse%2C%22language%22%3A%22en%22%2C%22message%22%3A%22m%3Anocount%3A%22%2C%22_category_%22%3A%22tfw_client_event%22%2C%22triggered_on%22%3A1538438987502%2C%22dnt%22%3Afalse%2C%22client_version%22%3A%22063819d%3A1538375275800%22%2C%22format_version%22%3A1%2C%22event_namespace%22%3A%7B%22client%22%3A%22tfw%22%2C%22page%22%3A%22button%22%2C%22section%22%3A%22share%22%2C%22action%22%3A%22impression%22%7D%7D,291,,
https://syndication.twitter.com/i/jot?l=%7B%22widget_origin%22%3A%22https%3A%2F%2Fwww.radioflyer.com%2Ffold-2-go-trike-1-bundle.html%22%2C%22widget_frame%22%3Anull%2C%22duration_ms%22%3A4984%2C%22_category_%22%3A%22tfw_client_event%22%2C%22triggered_on%22%3A1538438988356%2C%22dnt%22%3Afalse%2C%22client_version%22%3A%22063819d%3A1538375275800%22%2C%22format_version%22%3A1%2C%22event_namespace%22%3A%7B%22client%22%3A%22tfw%22%2C%22action%22%3A%22render%22%2C%22page%22%3A%22page%22%2C%22component%22%3A%22performance%22%7D%7D,143,,
https://syndication.twitter.com/settings,789,,
https://www.facebook.com/connect/ping?client_id=181716071880978&domain=www.radioflyer.com&origin=1&redirect_uri=https%3A%2F%2Fstaticxx.facebook.com%2Fconnect%2Fxd_arbiter%2Fr%2Fmp2v3DK3INU.js%3Fversion%3D42%23cb%3Df2d6e2aa8953c26%26domain%3Dwww.radioflyer.com%26origin%3Dhttps%253A%252F%252Fwww.radioflyer.com%252Ff1987a8c7808722%26relation%3Dparent&response_type=token%2Csigned_request&sdk=joey&version,0,-1,
https://www.facebook.com/plugins/like.php?href=https://www.radioflyer.com/fold-2-go-trike-1-bundle.html&width&layout=button&action=like&show_faces=false&share=false&height=35,0,-1,
https://www.facebook.com/tr/,0,,
https://www.facebook.com/tr/?id=1551524368422445&ev=PageView&dl=https%3A%2F%2Fwww.radioflyer.com%2Ffold-2-go-trike-1-bundle.html&rl=https%3A%2F%2Fwww.radioflyer.com%2Fshop%2Ftricycles.html&if=false&ts=1538438986595&sw=1920&sh=1080&v=2.8.30&r=stable&ec=0&o=28&it=1538438982389&coo=false,1164,341,
https://www.facebook.com/tr/?id=1551524368422445&ev=ViewContent&dl=https%3A%2F%2Fwww.radioflyer.com%2Ffold-2-go-trike-1-bundle.html&rl=https%3A%2F%2Fwww.radioflyer.com%2Fshop%2Ftricycles.html&if=false&ts=1538438986598&cd[content_type]=product&cd[content_ids]=%5B%22415S-BUNDLE%22%5D&sw=1920&sh=1080&v=2.8.30&r=stable&ec=1&o=28&it=1538438982389&coo=false,1164,341,
https://www.google-analytics.com/analytics.js,1742,,
https://www.google-analytics.com/collect?v=1&_v=j69&a=1841877805&t=event&ni=1&_s=3&dl=https%3A%2F%2Fwww.radioflyer.com%2Ffold-2-go-trike-1-bundle.html&ul=en-us&de=UTF-8&dt=Fold%202%20Go%20Trike%20-%20Folding%20Tricycle%20%7C%20Radio%20Flyer&sd=24-bit&sr=1920x1080&vp=1841x520&je=0&fl=27.0%20r0&ec=engagement&ea=view_item_list&_u=SCCAAUALQ~&jid=&gjid=&cid=1685108898.1538429207&tid=UA-5666662-6&_gid=1801470020.1538429207&gtm=u9o&il1nm=You%20Might%20Also%20Like&il1pi1id=600S&il1pi1nm=Retro%20Rocket%C2%AE&il1pi1br=Radio%20Flyer&il1pi1ca=You%20Might%20Also%20Like&il1pi1ps=1&il1pi2id=34TX-BUNDLE&il1pi2nm=Classic%20Red%20Tricycle%20with%20Push%20Handle%20%20%20%20&il1pi2br=Radio%20Flyer&il1pi2ca=You%20Might%20Also%20Like&il1pi2ps=2&il1pi3id=402-BUNDLE&il1pi3nm=My%20First%20Big%20Flyer%C2%AE%20with%20Lights%20%26%20Sounds&il1pi3br=Radio%20Flyer&il1pi3ca=You%20Might%20Also%20Like&il1pi3ps=3&il1pi4id=603Z&il1pi4nm=Busy%20Buggy%E2%84%A2&il1pi4br=Radio%20Flyer&il1pi4ca=You%20Might%20Also%20Like&il1pi4ps=4&z=904301284,3587,,
https://www.google-analytics.com/collect?v=1&_v=j69&a=1841877805&t=event&ni=1&cu=USD&_s=2&dl=https%3A%2F%2Fwww.radioflyer.com%2Ffold-2-go-trike-1-bundle.html&ul=en-us&de=UTF-8&dt=Fold%202%20Go%20Trike%20-%20Folding%20Tricycle%20%7C%20Radio%20Flyer&sd=24-bit&sr=1920x1080&vp=1841x520&je=0&fl=27.0%20r0&ec=engagement&ea=view_item&_u=SCCAAUALQ~&jid=&gjid=&cid=1685108898.1538429207&tid=UA-5666662-6&_gid=1801470020.1538429207&gtm=u9o&pal=PDP&pa=detail&pr1id=415S-BUNDLE&pr1nm=Fold%202%20Go%C2%AE%20Trike&pr1br=Radio%20Flyer&pr1ca=Shop&pr1qt=1&pr1pr=54.99%2479.98%2454.99%2454.99%2424.99%2454.99&z=1581794094,3587,,
https://www.google-analytics.com/collect?v=1&_v=j69&a=1841877805&t=pageview&_s=1&dl=https%3A%2F%2Fwww.radioflyer.com%2Ffold-2-go-trike-1-bundle.html&ul=en-us&de=UTF-8&dt=Fold%202%20Go%20Trike%20-%20Folding%20Tricycle%20%7C%20Radio%20Flyer&sd=24-bit&sr=1920x1080&vp=1841x520&je=0&fl=27.0%20r0&_u=CCCAAUALQ~&jid=&gjid=&cid=1685108898.1538429207&tid=UA-5666662-6&_gid=1801470020.1538429207&gtm=u9o&z=992877081,3587,,
https://www.google-analytics.com/gtm/js?id=GTM-W5WSTVL&t=gtag_UA_5666662_6&cid=1685108898.1538429207&gac=_gaexp%3DGAX1.2.zEt4Wh5LQXCEotCyerxOsQ.17898.0,2750,21756,
https://www.google-analytics.com/plugins/ua/ec.js,2749,1759,
https://www.google.ca/pagead/1p-user-list/991584390/?random=1538438978234&cv=9&fst=1538438400000&num=1&label=ea2mCIqljgQQhsHp2AM&guid=ON&u_h=1080&u_w=1920&u_ah=1080&u_aw=1920&u_cd=24&u_his=3&u_tz=-420&u_java=false&u_nplug=1&u_nmime=2&sendb=1&frm=0&url=https%3A%2F%2Fwww.radioflyer.com%2Ffold-2-go-trike-1-bundle.html&ref=https%3A%2F%2Fwww.radioflyer.com%2Fshop%2Ftricycles.html&tiba=Fold%202%20Go%20Trike%20-%20Folding%20Tricycle%20%7C%20Radio%20Flyer&fmt=3&crd=CITQGw&cdct=2&is_vtc=1&random=98919569&resp=GooglemKTybQhCsO&rmt_tld=1&ipr=y,3939,,
https://www.google.com/js/bg/bswyALwMtggYYsmuy3-mEUWqQOtt3NGX8E98FQWKbzo.js,257,5490,
https://www.google.com/pagead/1p-user-list/991584390/?random=1538438978234&cv=9&fst=1538438400000&num=1&label=ea2mCIqljgQQhsHp2AM&guid=ON&u_h=1080&u_w=1920&u_ah=1080&u_aw=1920&u_cd=24&u_his=3&u_tz=-420&u_java=false&u_nplug=1&u_nmime=2&sendb=1&frm=0&url=https%3A%2F%2Fwww.radioflyer.com%2Ffold-2-go-trike-1-bundle.html&ref=https%3A%2F%2Fwww.radioflyer.com%2Fshop%2Ftricycles.html&tiba=Fold%202%20Go%20Trike%20-%20Folding%20Tricycle%20%7C%20Radio%20Flyer&fmt=3&crd=CITQGw&cdct=2&is_vtc=1&random=98919569&resp=GooglemKTybQhCsO&rmt_tld=0&ipr=y,3939,,
https://www.googleadservices.com/pagead/conversion.js,239,9260,
https://www.googletagmanager.com/gtag/js?id=UA-5666662-6,2232,,
https://www.googletagmanager.com/gtm.js?id=GTM-5BC343G,2233,,
https://www.radioflyer.com/fold-2-go-trike-1-bundle.html,0,-1,
https://www.radioflyer.com/magebirdpopup.php?rand=4885658&cc=USD&bc=USD&cs=$&cf=$1.00&storeId=1&previewId=0&templateId=0&nocache=1&popup_page_id=2&filterId=7512&ref=https%3A%2F%2Fwww.radioflyer.com%2Fshop%2Ftricycles.html&url=https%3A%2F%2Fwww.radioflyer.com%2Ffold-2-go-trike-1-bundle.html&baseUrl=https%3A%2F%2Fwww.radioflyer.com%2F&customParams=&cEnabled=true,0,-1,
https://www.radioflyer.com/media/wysiwyg/100/Closed-Arrow.png,565,26289,
https://www.radioflyer.com/media/wysiwyg/100/Open-Arrow.png,564,26319,
https://www.radioflyer.com/media/wysiwyg/american_flag.gif,278,538,
https://www.radioflyer.com/media/wysiwyg/canada_flag.gif,287,570,
https://www.radioflyer.com/media/wysiwyg/customize.png,275,2178,
https://www.radioflyer.com/media/wysiwyg/email-icon.png,528,716,
https://www.radioflyer.com/media/wysiwyg/facebook-bottom.png,527,1626,
https://www.radioflyer.com/media/wysiwyg/facebook-top.png,270,1209,
https://www.radioflyer.com/media/wysiwyg/instagram-bottom.png,527,2409,
https://www.radioflyer.com/media/wysiwyg/instagram-top.png,282,1505,
https://www.radioflyer.com/media/wysiwyg/linkedin-bottom.png,527,1711,
https://www.radioflyer.com/media/wysiwyg/linkedin-top.png,288,1249,
https://www.radioflyer.com/media/wysiwyg/minus.png,277,923,
https://www.radioflyer.com/media/wysiwyg/pinterest-bottom.png,527,2349,
https://www.radioflyer.com/media/wysiwyg/pinterest-top.png,286,1521,
https://www.radioflyer.com/media/wysiwyg/plus.png,275,857,
https://www.radioflyer.com/media/wysiwyg/twitter-bottom.png,528,1835,
https://www.radioflyer.com/media/wysiwyg/twitter-top.png,287,1277,
https://www.radioflyer.com/media/wysiwyg/youtube-top.png,284,1183,
https://www.radioflyer.com/skin/frontend/blank/buildawagon/images/buttons/Shopping-Cart.gif,288,655,
https://www.radioflyer.com/skin/frontend/blank/radioflyer/css/webfonts/241446_0_0.woff,528,22933,
https://www.radioflyer.com/skin/frontend/blank/radioflyer/css/webfonts/241446_2_0.woff,1204,23423,
https://www.radioflyer.com/skin/frontend/blank/radioflyer/css/webfonts/241446_3_0.woff,1262,33197,
https://www.radioflyer.com/skin/frontend/blank/radioflyer/css/webfonts/241446_4_0.woff,879,59545,
https://www.radioflyer.com/skin/frontend/blank/radioflyer/css/webfonts/423182/F86B48569803BB50B.css,2928,,
https://www.radioflyer.com/skin/frontend/blank/radioflyer/images/adobe_icon.gif,526,644,
https://www.radioflyer.com/skin/frontend/blank/radioflyer/images/buttons/cart.png,290,891,
https://www.radioflyer.com/skin/frontend/blank/radioflyer/images/footer/logomark.png,528,2023,
https://www.radioflyer.com/skin/frontend/blank/radioflyer/images/header/bg-x-long.gif,291,7607,
https://www.radioflyer.com/skin/frontend/blank/radioflyer/images/header/logo-new.gif,289,3686,
https://www.youtube.com/ad_data_204,0,,
https://www.youtube.com/embed/QQp_diBGGO0,0,-1,
https://www.youtube.com/youtubei/v1/log_event?alt=json&key=AIzaSyAO_FJ2SlqU8Q4STEHLGCilw_Y9_11qcW8,240,,
https://www.youtube.com/yts/cssbin/www-player-vfl4TScsb.css,3227,,
https://www.youtube.com/yts/jsbin/player-vfl07ioI6/en_US/base.js,5229,,
https://www.youtube.com/yts/jsbin/player-vfl07ioI6/en_US/remote.js,626,27695,
https://www.youtube.com/yts/jsbin/www-embed-player-vflcLB49u/www-embed-player.js,5647,,
